{
  "accuracy": [
    0.10746513307094574,
    0.15094339847564697,
    0.21452009677886963,
    0.2965545654296875,
    0.3580803871154785,
    0.39663657546043396,
    0.451599657535553,
    0.48523378372192383,
    0.5004101991653442,
    0.5143560171127319,
    0.5373256802558899,
    0.5516816973686218,
    0.5656275749206543,
    0.5713699460029602,
    0.5623461604118347,
    0.5828548073768616,
    0.5803937911987305,
    0.588187038898468,
    0.5873667001724243,
    0.6074651479721069,
    0.6037735939025879,
    0.6058244705200195,
    0.6136177182197571,
    0.6283839344978333,
    0.6234618425369263,
    0.6160787343978882,
    0.6345365047454834,
    0.596800684928894,
    0.6226415038108826,
    0.6369975209236145
  ],
  "loss": [
    2.3043808937072754,
    2.26570725440979,
    2.137709617614746,
    1.9360475540161133,
    1.7521436214447021,
    1.610447645187378,
    1.5033321380615234,
    1.3947187662124634,
    1.3277145624160767,
    1.2918227910995483,
    1.2204129695892334,
    1.193564534187317,
    1.1668304204940796,
    1.145849585533142,
    1.1209075450897217,
    1.1070259809494019,
    1.082527995109558,
    1.059935212135315,
    1.0440787076950073,
    1.030268669128418,
    1.0173965692520142,
    1.0085140466690063,
    0.9886890053749084,
    0.9665101766586304,
    0.9604876637458801,
    0.9690122604370117,
    0.9370074272155762,
    1.026480793952942,
    0.9480128884315491,
    0.9130403995513916
  ],
  "val_accuracy": [
    0.1535508632659912,
    0.19961611926555634,
    0.2476007640361786,
    0.32053741812705994,
    0.37811899185180664,
    0.4376199543476105,
    0.46833014488220215,
    0.5047984719276428,
    0.5182341933250427,
    0.5355086326599121,
    0.5451055765151978,
    0.5834932923316956,
    0.5796545147895813,
    0.5892514586448669,
    0.5930902361869812,
    0.5873320698738098,
    0.5834932923316956,
    0.5911708474159241,
    0.5930902361869812,
    0.5969289541244507,
    0.5950096249580383,
    0.5988483428955078,
    0.5815739035606384,
    0.5854126811027527,
    0.5930902361869812,
    0.5834932923316956,
    0.5796545147895813,
    0.5911708474159241,
    0.5911708474159241,
    0.5911708474159241
  ],
  "val_loss": [
    2.2940258979797363,
    2.1990742683410645,
    2.05954647064209,
    1.8115241527557373,
    1.6113574504852295,
    1.493175745010376,
    1.4078618288040161,
    1.293012022972107,
    1.2614147663116455,
    1.2107579708099365,
    1.1893686056137085,
    1.1349903345108032,
    1.1155633926391602,
    1.105648159980774,
    1.0938680171966553,
    1.0816154479980469,
    1.0720250606536865,
    1.049309253692627,
    1.051870346069336,
    1.0489730834960938,
    1.0465856790542603,
    1.0535576343536377,
    1.0378422737121582,
    1.026567816734314,
    1.0165671110153198,
    1.0333417654037476,
    1.0414056777954102,
    1.063693881034851,
    1.0072674751281738,
    1.0191819667816162
  ],
  "learning_rate": [
    0.0010000000474974513,
    0.0010000000474974513,
    0.0010000000474974513,
    0.0010000000474974513,
    0.0010000000474974513,
    0.0010000000474974513,
    0.0010000000474974513,
    0.0010000000474974513,
    0.0010000000474974513,
    0.0010000000474974513,
    0.0010000000474974513,
    0.0010000000474974513,
    0.0010000000474974513,
    0.0010000000474974513,
    0.0010000000474974513,
    0.0010000000474974513,
    0.0010000000474974513,
    0.0010000000474974513,
    0.0010000000474974513,
    0.0010000000474974513,
    0.0010000000474974513,
    0.0010000000474974513,
    0.0010000000474974513,
    0.0010000000474974513,
    0.0010000000474974513,
    0.0010000000474974513,
    0.0010000000474974513,
    0.0010000000474974513,
    0.0005000000237487257,
    0.0005000000237487257
  ]
}