{
  "accuracy": [
    0.10951599478721619,
    0.15504512190818787,
    0.1903199404478073,
    0.2358490526676178,
    0.2998359203338623,
    0.3445447087287903,
    0.3954060673713684,
    0.4294503629207611,
    0.4725184440612793,
    0.5090237855911255,
    0.5176374316215515,
    0.5352748036384583,
    0.561525821685791,
    0.589417576789856,
    0.5816242694854736,
    0.5951599478721619,
    0.6185398101806641,
    0.6296144127845764,
    0.6431501507759094,
    0.6587366461753845,
    0.6452009677886963,
    0.6636587381362915,
    0.6640689373016357,
    0.6611977219581604,
    0.6542247533798218,
    0.6735028624534607,
    0.6829368472099304,
    0.6858080625534058,
    0.676374077796936,
    0.6800656318664551
  ],
  "loss": [
    2.352189540863037,
    2.2594106197357178,
    2.2008585929870605,
    2.0895676612854004,
    1.9402912855148315,
    1.8107191324234009,
    1.6684905290603638,
    1.5306528806686401,
    1.4150618314743042,
    1.3223415613174438,
    1.249609351158142,
    1.225705862045288,
    1.1469104290008545,
    1.09425687789917,
    1.0697091817855835,
    1.0334436893463135,
    0.9923120737075806,
    0.948354959487915,
    0.9274601936340332,
    0.9169197678565979,
    0.9096865057945251,
    0.8811534643173218,
    0.8685442805290222,
    0.8589757680892944,
    0.8775758743286133,
    0.827103316783905,
    0.8188802003860474,
    0.8212857842445374,
    0.8165022134780884,
    0.8092018961906433
  ],
  "val_accuracy": [
    0.11516314744949341,
    0.11708253622055054,
    0.11900191754102707,
    0.15163147449493408,
    0.2226487547159195,
    0.2476007640361786,
    0.26487523317337036,
    0.3704414665699005,
    0.46833014488220215,
    0.4644913673400879,
    0.4529750347137451,
    0.4894433915615082,
    0.5009596943855286,
    0.48176583647727966,
    0.5105566382408142,
    0.5009596943855286,
    0.5086372494697571,
    0.5393474102020264,
    0.5182341933250427,
    0.5143954157829285,
    0.5239923000335693,
    0.5470249652862549,
    0.5393474102020264,
    0.5431861877441406,
    0.5412667989730835,
    0.5374280214309692,
    0.5431861877441406,
    0.548944354057312,
    0.5451055765151978,
    0.5547025203704834
  ],
  "val_loss": [
    2.3011386394500732,
    2.295320510864258,
    2.279099464416504,
    2.238523006439209,
    2.171973705291748,
    2.0711820125579834,
    1.9379332065582275,
    1.786275029182434,
    1.624994158744812,
    1.523844599723816,
    1.508406162261963,
    1.4353342056274414,
    1.3707849979400635,
    1.38591730594635,
    1.3993406295776367,
    1.4432016611099243,
    1.432831048965454,
    1.3198930025100708,
    1.4003584384918213,
    1.4181350469589233,
    1.3207180500030518,
    1.255845546722412,
    1.2778713703155518,
    1.2852976322174072,
    1.2889248132705688,
    1.2483065128326416,
    1.251695990562439,
    1.255059838294983,
    1.2443337440490723,
    1.2603651285171509
  ],
  "learning_rate": [
    0.0010000000474974513,
    0.0010000000474974513,
    0.0010000000474974513,
    0.0010000000474974513,
    0.0010000000474974513,
    0.0010000000474974513,
    0.0010000000474974513,
    0.0010000000474974513,
    0.0010000000474974513,
    0.0010000000474974513,
    0.0010000000474974513,
    0.0010000000474974513,
    0.0010000000474974513,
    0.0010000000474974513,
    0.0010000000474974513,
    0.0010000000474974513,
    0.0005000000237487257,
    0.0005000000237487257,
    0.0005000000237487257,
    0.0005000000237487257,
    0.0005000000237487257,
    0.0002500000118743628,
    0.0002500000118743628,
    0.0002500000118743628,
    0.0002500000118743628,
    0.0001250000059371814,
    0.0001250000059371814,
    0.0001250000059371814,
    0.0001250000059371814,
    0.0001250000059371814
  ]
}