{
  "accuracy": [
    0.2042657881975174,
    0.415504515171051,
    0.49958983063697815,
    0.5422477722167969,
    0.5652173757553101,
    0.5984413623809814,
    0.5988515019416809,
    0.6427399516105652,
    0.6575061678886414,
    0.676374077796936,
    0.7059065103530884,
    0.7108285427093506,
    0.7543067932128906,
    0.7555373311042786,
    0.7801476716995239,
    0.8109105825424194,
    0.8383921384811401,
    0.867104172706604,
    0.8773584961891174,
    0.9027891755104065
  ],
  "loss": [
    0.4320249557495117,
    0.2850780487060547,
    0.20929811894893646,
    0.17231613397598267,
    0.1579352170228958,
    0.1428595781326294,
    0.1334552764892578,
    0.1239786222577095,
    0.11012282967567444,
    0.10264025628566742,
    0.09458359330892563,
    0.08479297906160355,
    0.07213171571493149,
    0.07057233899831772,
    0.05903778225183487,
    0.051548223942518234,
    0.042729418724775314,
    0.033728525042533875,
    0.030865807086229324,
    0.02650638110935688
  ],
  "val_accuracy": [
    0.23224568367004395,
    0.26295584440231323,
    0.25143954157829285,
    0.2725527882575989,
    0.2879078686237335,
    0.29750481247901917,
    0.29558542370796204,
    0.3301343619823456,
    0.4395393431186676,
    0.44913628697395325,
    0.5278310775756836,
    0.548944354057312,
    0.5585412383079529,
    0.5316698551177979,
    0.5451055765151978,
    0.5278310775756836,
    0.5470249652862549,
    0.5470249652862549,
    0.5547025203704834,
    0.5508637428283691
  ],
  "val_loss": [
    0.4521753787994385,
    0.4087908864021301,
    0.3846178948879242,
    0.3780190646648407,
    0.36441248655319214,
    0.3584807515144348,
    0.32455191016197205,
    0.2963472604751587,
    0.24293950200080872,
    0.22352983057498932,
    0.2003415822982788,
    0.19355563819408417,
    0.18731331825256348,
    0.21411307156085968,
    0.20724698901176453,
    0.20405934751033783,
    0.20479196310043335,
    0.20135655999183655,
    0.2118532657623291,
    0.21338462829589844
  ],
  "learning_rate": [
    0.0010000000474974513,
    0.0010000000474974513,
    0.0010000000474974513,
    0.0010000000474974513,
    0.0010000000474974513,
    0.0010000000474974513,
    0.0010000000474974513,
    0.0010000000474974513,
    0.0010000000474974513,
    0.0010000000474974513,
    0.0010000000474974513,
    0.0010000000474974513,
    0.0010000000474974513,
    0.0010000000474974513,
    0.0010000000474974513,
    0.0010000000474974513,
    0.0005000000237487257,
    0.0005000000237487257,
    0.0005000000237487257,
    0.0002500000118743628
  ]
}