{
  "accuracy": [
    0.1279737502336502,
    0.27194422483444214,
    0.39827728271484375,
    0.4495488107204437,
    0.488515168428421,
    0.5196882486343384,
    0.5533223748207092,
    0.5541427135467529,
    0.5598851442337036,
    0.5705496072769165,
    0.5791632533073425,
    0.5857260227203369,
    0.5963904857635498,
    0.5885972380638123,
    0.6004921793937683,
    0.5939294695854187,
    0.5951599478721619,
    0.609926164150238,
    0.5976210236549377,
    0.6185398101806641,
    0.6156685948371887,
    0.6127973794937134,
    0.6189499497413635,
    0.636587381362915,
    0.6324856281280518,
    0.6349467039108276,
    0.6382280588150024,
    0.6312551498413086,
    0.6406890749931335,
    0.6468416452407837
  ],
  "loss": [
    2.2811429500579834,
    2.0999436378479004,
    1.6878174543380737,
    1.4583990573883057,
    1.3542953729629517,
    1.2479736804962158,
    1.1907879114151,
    1.1762608289718628,
    1.1422531604766846,
    1.1204880475997925,
    1.075402021408081,
    1.0613112449645996,
    1.04759681224823,
    1.052834391593933,
    1.0311269760131836,
    1.0180203914642334,
    1.0029888153076172,
    1.002805471420288,
    0.9982714653015137,
    0.9783702492713928,
    0.9791963696479797,
    0.9654603004455566,
    0.9552457332611084,
    0.950295627117157,
    0.9326995015144348,
    0.9298876523971558,
    0.9187528491020203,
    0.9295627474784851,
    0.9073505401611328,
    0.8947911858558655
  ],
  "val_accuracy": [
    0.22072936594486237,
    0.4184260964393616,
    0.4952015280723572,
    0.49328213930130005,
    0.5220729112625122,
    0.5700575709342957,
    0.5738963484764099,
    0.5719769597053528,
    0.5719769597053528,
    0.5834932923316956,
    0.5854126811027527,
    0.5892514586448669,
    0.5873320698738098,
    0.5873320698738098,
    0.5834932923316956,
    0.5969289541244507,
    0.5969289541244507,
    0.6026871204376221,
    0.6026871204376221,
    0.6007677316665649,
    0.6046065092086792,
    0.6026871204376221,
    0.5969289541244507,
    0.6026871204376221,
    0.6026871204376221,
    0.6199616193771362,
    0.6180422306060791,
    0.6142034530639648,
    0.6257197856903076,
    0.6218810081481934
  ],
  "val_loss": [
    2.2369985580444336,
    1.8233582973480225,
    1.4333051443099976,
    1.2912956476211548,
    1.2100774049758911,
    1.1451072692871094,
    1.1101460456848145,
    1.086984395980835,
    1.0750291347503662,
    1.0648099184036255,
    1.0568506717681885,
    1.049041748046875,
    1.0510298013687134,
    1.0367177724838257,
    1.0275877714157104,
    1.0274877548217773,
    1.024472713470459,
    1.0287681818008423,
    1.011133074760437,
    1.019107699394226,
    0.9974315762519836,
    1.020337462425232,
    1.006796956062317,
    1.0011218786239624,
    0.9970250725746155,
    0.9884952902793884,
    0.9871508479118347,
    0.9814683794975281,
    0.9815129637718201,
    0.9784918427467346
  ],
  "learning_rate": [
    0.0010000000474974513,
    0.0010000000474974513,
    0.0010000000474974513,
    0.0010000000474974513,
    0.0010000000474974513,
    0.0010000000474974513,
    0.0010000000474974513,
    0.0010000000474974513,
    0.0010000000474974513,
    0.0010000000474974513,
    0.0010000000474974513,
    0.0010000000474974513,
    0.0010000000474974513,
    0.0010000000474974513,
    0.0010000000474974513,
    0.0010000000474974513,
    0.0010000000474974513,
    0.0010000000474974513,
    0.0010000000474974513,
    0.0010000000474974513,
    0.0010000000474974513,
    0.0010000000474974513,
    0.0010000000474974513,
    0.0010000000474974513,
    0.0005000000237487257,
    0.0005000000237487257,
    0.0005000000237487257,
    0.0005000000237487257,
    0.0005000000237487257,
    0.0005000000237487257
  ]
}