{
  "accuracy": [
    0.13576702773571014,
    0.2301066517829895,
    0.3281378149986267,
    0.42904019355773926,
    0.47620999813079834,
    0.5258408784866333,
    0.5619360208511353,
    0.5926989316940308,
    0.6173092722892761,
    0.62428218126297,
    0.6771944165229797,
    0.695652186870575,
    0.7415914535522461,
    0.7325676679611206,
    0.764561116695404,
    0.7887612581253052,
    0.7994257807731628,
    0.805578351020813
  ],
  "loss": [
    2.565139055252075,
    2.132464647293091,
    1.8653581142425537,
    1.6172294616699219,
    1.4506038427352905,
    1.3062621355056763,
    1.224135160446167,
    1.126225233078003,
    1.0461465120315552,
    1.0023524761199951,
    0.9109524488449097,
    0.8503680229187012,
    0.7691465616226196,
    0.7582988739013672,
    0.6793990731239319,
    0.6217759847640991,
    0.6034438610076904,
    0.5633362531661987
  ],
  "val_accuracy": [
    0.18809980154037476,
    0.2226487547159195,
    0.3109405040740967,
    0.39155471324920654,
    0.383877158164978,
    0.44913628697395325,
    0.47408828139305115,
    0.466410756111145,
    0.4894433915615082,
    0.5067178606987,
    0.5124760270118713,
    0.5086372494697571,
    0.4971209168434143,
    0.5028790831565857,
    0.48752400279045105,
    0.49328213930130005,
    0.4836852252483368,
    0.4894433915615082
  ],
  "val_loss": [
    2.2487165927886963,
    2.1564197540283203,
    2.02288818359375,
    1.8799948692321777,
    1.7473431825637817,
    1.5759997367858887,
    1.4555816650390625,
    1.3830068111419678,
    1.3122118711471558,
    1.290766716003418,
    1.2787809371948242,
    1.2811628580093384,
    1.3202569484710693,
    1.3105199337005615,
    1.3120659589767456,
    1.3287932872772217,
    1.340401291847229,
    1.3459439277648926
  ],
  "learning_rate": [
    0.0010000000474974513,
    0.0010000000474974513,
    0.0010000000474974513,
    0.0010000000474974513,
    0.0010000000474974513,
    0.0010000000474974513,
    0.0010000000474974513,
    0.0010000000474974513,
    0.0010000000474974513,
    0.0010000000474974513,
    0.0010000000474974513,
    0.0010000000474974513,
    0.0010000000474974513,
    0.0010000000474974513,
    0.0005000000237487257,
    0.0005000000237487257,
    0.0005000000237487257,
    0.0002500000118743628
  ]
}